bldg_id,in.county,in.puma,in.ashrae_iecc_climate_zone_2004,in.building_america_climate_zone,in.iso_rto_region,applicability,weight,in.sqft,in.ahs_region,in.applicable,in.bathroom_spot_vent_hour,in.bedrooms,in.cec_climate_zone,in.ceiling_fan,in.census_division,in.census_division_recs,in.census_region,in.clothes_dryer,in.clothes_washer,in.clothes_washer_presence,in.cooking_range,in.cooling_setpoint,in.cooling_setpoint_has_offset,in.cooling_setpoint_offset_magnitude,in.cooling_setpoint_offset_period,in.corridor,in.dehumidifier,in.dishwasher,in.door_area,in.doors,in.ducts,in.eaves,in.electric_vehicle,in.geometry_attic_type,in.geometry_building_horizontal_location_mf,in.geometry_building_horizontal_location_sfa,in.geometry_building_level_mf,in.geometry_building_number_units_mf,in.geometry_building_number_units_sfa,in.geometry_building_type_acs,in.geometry_building_type_height,in.geometry_building_type_recs,in.geometry_floor_area,in.geometry_floor_area_bin,in.geometry_foundation_type,in.geometry_garage,in.geometry_stories,in.geometry_stories_low_rise,in.geometry_wall_exterior_finish,in.geometry_wall_type,in.geometry_wall_type_and_exterior_finish,in.has_pv,in.heating_fuel,in.heating_setpoint,in.heating_setpoint_has_offset,in.heating_setpoint_offset_magnitude,in.heating_setpoint_offset_period,in.holiday_lighting,in.hot_water_distribution,in.hot_water_fixtures,in.hvac_cooling_efficiency,in.hvac_cooling_type,in.hvac_has_ducts,in.hvac_has_shared_system,in.hvac_has_zonal_electric_heating,in.hvac_heating_efficiency,in.hvac_heating_type,in.hvac_heating_type_and_fuel,in.hvac_secondary_heating_efficiency,in.hvac_secondary_heating_type_and_fuel,in.hvac_shared_efficiencies,in.hvac_system_is_faulted,in.hvac_system_single_speed_ac_airflow,in.hvac_system_single_speed_ac_charge,in.hvac_system_single_speed_ashp_airflow,in.hvac_system_single_speed_ashp_charge,in.infiltration,in.insulation_ceiling,in.insulation_floor,in.insulation_foundation_wall,in.insulation_roof,in.insulation_slab,in.insulation_wall,in.interior_shading,in.lighting,in.lighting_interior_use,in.lighting_other_use,in.location_region,in.mechanical_ventilation,in.misc_extra_refrigerator,in.misc_freezer,in.misc_gas_fireplace,in.misc_gas_grill,in.misc_gas_lighting,in.misc_hot_tub_spa,in.misc_pool,in.misc_pool_heater,in.misc_pool_pump,in.misc_well_pump,in.natural_ventilation,in.neighbors,in.occupants,in.orientation,in.overhangs,in.plug_load_diversity,in.plug_loads,in.pv_orientation,in.pv_system_size,in.radiant_barrier,in.range_spot_vent_hour,in.reeds_balancing_area,in.refrigerator,in.roof_material,in.schedules,in.setpoint_demand_response,in.solar_hot_water,in.state,in.units_represented,in.usage_level,in.vacancy_status,in.vintage,in.vintage_acs,in.water_heater_efficiency,in.water_heater_fuel,in.water_heater_in_unit,in.weather_file_city,in.weather_file_latitude,in.weather_file_longitude,in.window_areas,in.windows,in.nhgis_county_gisjoin,in.nhgis_puma_gisjoin,in.state_name,in.american_housing_survey_region,in.weather_file_2018,in.weather_file_TMY3,in.resstock_county_id,in.resstock_puma_id,out.electricity.bath_fan.energy_consumption,out.electricity.bath_fan.energy_consumption_intensity,out.electricity.ceiling_fan.energy_consumption,out.electricity.ceiling_fan.energy_consumption_intensity,out.electricity.clothes_dryer.energy_consumption,out.electricity.clothes_dryer.energy_consumption_intensity,out.electricity.clothes_washer.energy_consumption,out.electricity.clothes_washer.energy_consumption_intensity,out.electricity.cooking_range.energy_consumption,out.electricity.cooking_range.energy_consumption_intensity,out.electricity.cooling.energy_consumption,out.electricity.cooling.energy_consumption_intensity,out.electricity.dishwasher.energy_consumption,out.electricity.dishwasher.energy_consumption_intensity,out.electricity.ext_holiday_light.energy_consumption,out.electricity.ext_holiday_light.energy_consumption_intensity,out.electricity.exterior_lighting.energy_consumption,out.electricity.exterior_lighting.energy_consumption_intensity,out.electricity.extra_refrigerator.energy_consumption,out.electricity.extra_refrigerator.energy_consumption_intensity,out.electricity.fans_cooling.energy_consumption,out.electricity.fans_cooling.energy_consumption_intensity,out.electricity.fans_heating.energy_consumption,out.electricity.fans_heating.energy_consumption_intensity,out.electricity.freezer.energy_consumption,out.electricity.freezer.energy_consumption_intensity,out.electricity.garage_lighting.energy_consumption,out.electricity.garage_lighting.energy_consumption_intensity,out.electricity.heating.energy_consumption,out.electricity.heating.energy_consumption_intensity,out.electricity.heating_supplement.energy_consumption,out.electricity.heating_supplement.energy_consumption_intensity,out.electricity.hot_tub_heater.energy_consumption,out.electricity.hot_tub_heater.energy_consumption_intensity,out.electricity.hot_tub_pump.energy_consumption,out.electricity.hot_tub_pump.energy_consumption_intensity,out.electricity.house_fan.energy_consumption,out.electricity.house_fan.energy_consumption_intensity,out.electricity.interior_lighting.energy_consumption,out.electricity.interior_lighting.energy_consumption_intensity,out.electricity.plug_loads.energy_consumption,out.electricity.plug_loads.energy_consumption_intensity,out.electricity.pool_heater.energy_consumption,out.electricity.pool_heater.energy_consumption_intensity,out.electricity.pool_pump.energy_consumption,out.electricity.pool_pump.energy_consumption_intensity,out.electricity.pumps_cooling.energy_consumption,out.electricity.pumps_cooling.energy_consumption_intensity,out.electricity.pumps_heating.energy_consumption,out.electricity.pumps_heating.energy_consumption_intensity,out.electricity.pv.energy_consumption,out.electricity.pv.energy_consumption_intensity,out.electricity.range_fan.energy_consumption,out.electricity.range_fan.energy_consumption_intensity,out.electricity.recirc_pump.energy_consumption,out.electricity.recirc_pump.energy_consumption_intensity,out.electricity.refrigerator.energy_consumption,out.electricity.refrigerator.energy_consumption_intensity,out.electricity.vehicle.energy_consumption,out.electricity.vehicle.energy_consumption_intensity,out.electricity.water_systems.energy_consumption,out.electricity.water_systems.energy_consumption_intensity,out.electricity.well_pump.energy_consumption,out.electricity.well_pump.energy_consumption_intensity,out.fuel_oil.heating.energy_consumption,out.fuel_oil.heating.energy_consumption_intensity,out.fuel_oil.water_systems.energy_consumption,out.fuel_oil.water_systems.energy_consumption_intensity,out.natural_gas.clothes_dryer.energy_consumption,out.natural_gas.clothes_dryer.energy_consumption_intensity,out.natural_gas.cooking_range.energy_consumption,out.natural_gas.cooking_range.energy_consumption_intensity,out.natural_gas.fireplace.energy_consumption,out.natural_gas.fireplace.energy_consumption_intensity,out.natural_gas.grill.energy_consumption,out.natural_gas.grill.energy_consumption_intensity,out.natural_gas.heating.energy_consumption,out.natural_gas.heating.energy_consumption_intensity,out.natural_gas.hot_tub_heater.energy_consumption,out.natural_gas.hot_tub_heater.energy_consumption_intensity,out.natural_gas.lighting.energy_consumption,out.natural_gas.lighting.energy_consumption_intensity,out.natural_gas.pool_heater.energy_consumption,out.natural_gas.pool_heater.energy_consumption_intensity,out.natural_gas.water_systems.energy_consumption,out.natural_gas.water_systems.energy_consumption_intensity,out.propane.clothes_dryer.energy_consumption,out.propane.clothes_dryer.energy_consumption_intensity,out.propane.cooking_range.energy_consumption,out.propane.cooking_range.energy_consumption_intensity,out.propane.heating.energy_consumption,out.propane.heating.energy_consumption_intensity,out.propane.water_systems.energy_consumption,out.propane.water_systems.energy_consumption_intensity,out.electricity.total.energy_consumption,out.electricity.total.energy_consumption_intensity,out.fuel_oil.total.energy_consumption,out.fuel_oil.total.energy_consumption_intensity,out.natural_gas.total.energy_consumption,out.natural_gas.total.energy_consumption_intensity,out.propane.total.energy_consumption,out.propane.total.energy_consumption_intensity,out.wood.total.energy_consumption,out.wood.total.energy_consumption_intensity,out.wood.heating.energy_consumption,out.wood.heating.energy_consumption_intensity,out.site_energy.total.energy_consumption,out.site_energy.total.energy_consumption_intensity,upgrade,metadata_index,qoi_report.average_maximum_daily_timing_cooling_hour,qoi_report.average_maximum_daily_timing_heating_hour,qoi_report.average_maximum_daily_timing_overlap_hour,qoi_report.average_maximum_daily_use_cooling_kw,qoi_report.average_maximum_daily_use_heating_kw,qoi_report.average_maximum_daily_use_overlap_kw,qoi_report.average_minimum_daily_use_cooling_kw,qoi_report.average_minimum_daily_use_heating_kw,qoi_report.average_minimum_daily_use_overlap_kw,qoi_report.average_of_top_ten_highest_peaks_timing_cooling_hour,qoi_report.average_of_top_ten_highest_peaks_timing_heating_hour,qoi_report.average_of_top_ten_highest_peaks_use_cooling_kw,qoi_report.average_of_top_ten_highest_peaks_use_heating_kw,qoi_report.peak_magnitude_timing_hour,qoi_report.peak_magnitude_use_kw,in.door_area_ft_2,in.duct_unconditioned_surface_area_ft_2,in.floor_area_attic_ft_2,in.floor_area_conditioned_ft_2,in.floor_area_lighting_ft_2,in.roof_area_ft_2,in.wall_area_above_grade_conditioned_ft_2,in.wall_area_above_grade_exterior_ft_2,in.wall_area_below_grade_ft_2,in.window_area_ft_2,bldg_id
47,G4802010,G48004620,2A,Hot-Humid,ERCOT,True,242.13101272727272,8194.0,"CBSA Houston-The Woodlands-Sugar Land, TX",True,Hour4,5,None,Standard Efficiency,West South Central,West South Central,South,"Gas, 100% Usage","EnergyStar, 100% Usage",Yes,"Electric, 100% Usage",75F,No,0F,None,Not Applicable,None,None,20 ft^2,Fiberglass,"30% Leakage, R-8",2 ft,None,Vented Attic,None,None,None,None,None,Single-Family Detached,Single-Family Detached,Single-Family Detached,4000+,4000+,Slab,2 Car,2,2,"Brick, Medium/Dark",Wood Frame,"Wood Frame, Brick, Medium/Dark",No,Natural Gas,72F,No,0F,None,No Exterior Use,"Uninsulated, HomeRun, PEX",100% Usage,"AC, SEER 13",Central AC,Yes,None,No,"Fuel Furnace, 92.5% AFUE",Ducted Heating,Natural Gas Fuel Furnace,None,None,None,No,None,None,None,None,4 ACH50,R-30,None,None,"Unfinished, Uninsulated",Uninsulated,"Wood Stud, R-11","Summer = 0.7, Winter = 0.85",100% LED,100% Usage,100% Usage,CR09,None,None,"EF 12, National Average",None,None,None,None,None,None,None,None,"Year-Round, 3 days/wk",Left/Right at 15ft,4,West,None,100%,113%,None,None,No,Hour17,67,"EF 15.9, 100% Usage",Composition Shingles,Stochastic,None,None,TX,1.0,Medium,Occupied,2010s,2010s,Natural Gas Standard,Natural Gas,Yes,Houston Dw Hooks,30.06,-95.55,F12 B12 L12 R12,"Double, Clear, Metal, Air",G4802010,G48004620,Texas,"CBSA Houston-The Woodlands-Sugar Land, TX",USA_TX_Houston.Dw.Hooks.722429_2018.epw,Houston_Bush_Intercontinental,"TX, Harris County","TX, 04620",16.426842254963745,0.00200474032889477,108.84308707439135,0.013283266667609392,86.05086867030775,0.010501692539700727,48.270114901813926,0.005890909800074924,692.3347062014581,0.08449288579466172,10722.53587047662,1.308583826028389,0.0,0.0,0.0,0.0,84.9500121015935,0.010367343434414632,0.0,0.0,3424.192276703928,0.41789019730338395,339.2751422747932,0.04140531392174679,320.0227478728965,0.039055741746753296,16.666669040923,0.002034008913952038,35.06946726796386,0.004279895932141062,0.0,0.0,0.0,0.0,0.0,0.0,0.0,0.0,1837.8106594365095,0.22428736385605436,5415.99263279047,0.6609705434208532,0.0,0.0,0.0,0.0,0.0,0.0,0.0,0.0,-0.0,-0.0,10.951228169976009,0.0013364935525965352,0.0,0.0,480.37939449919753,0.05862574987786155,0.0,0.0,0.0,0.0,0.0,0.0,0.0,0.0,0.0,0.0,1143.2453909620847,0.13952225908739135,0.0,0.0,0.0,0.0,0.0,0.0,11770.759249791627,1.4365095496450606,0.0,0.0,0.0,0.0,0.0,0.0,4298.242689887162,0.5245597620072201,0.0,0.0,0.0,0.0,0.0,0.0,0.0,0.0,23639.771719737222,2.8850099731190166,0.0,0.0,17212.247330640872,2.100591570739672,0.0,0.0,0.0,0.0,0.0,0.0,40852.01905037809,4.985601543858688,0,46,15.450980392156863,14.830508474576272,15.166666666666666,6.837696548237625,2.3821928374249555,2.7109949655668517,1.7367959484568125,0.8920912988747497,0.7161450914474233,15.909090909090908,13.090909090909092,10.973435422078358,3.1182552504324756,5584.0,12.092714459045961,20.0,2273.84,4385.0,8194.0,8770.0,4902.58,4466.69,5299.72,0.0,501.44,47
123,G4802010,G48004619,2A,Hot-Humid,ERCOT,True,242.13101272727272,1220.0,"CBSA Houston-The Woodlands-Sugar Land, TX",True,Hour9,2,None,None,West South Central,West South Central,South,"Electric, 80% Usage","Standard, 80% Usage",Yes,"Electric, 80% Usage",78F,No,0F,None,Not Applicable,None,None,20 ft^2,Fiberglass,"10% Leakage, R-6",2 ft,None,Vented Attic,None,None,None,None,None,Single-Family Detached,Single-Family Detached,Single-Family Detached,1000-1499,0-1499,Vented Crawlspace,None,2,2,"Brick, Medium/Dark",Wood Frame,"Wood Frame, Brick, Medium/Dark",No,Natural Gas,70F,No,0F,None,No Exterior Use,"Uninsulated, HomeRun, PEX",50% Usage,"AC, SEER 15",Central AC,Yes,None,No,"Fuel Furnace, 80% AFUE",Ducted Heating,Natural Gas Fuel Furnace,None,None,None,No,None,None,None,None,20 ACH50,R-19,Ceiling R-13,Uninsulated,"Unfinished, Uninsulated",None,"Wood Stud, R-19","Summer = 0.7, Winter = 0.85",100% Incandescent,100% Usage,100% Usage,CR09,None,None,None,None,None,None,None,None,None,None,Typical Efficiency,"Year-Round, 3 days/wk",Left/Right at 15ft,2,North,None,50%,113%,None,None,No,Hour18,67,"EF 19.9, 100% Usage",Composition Shingles,Stochastic,None,None,TX,1.0,Low,Occupied,2000s,2000-09,Natural Gas Standard,Natural Gas,Yes,Houston Dw Hooks,30.06,-95.55,F6 B6 L6 R6,"Double, Clear, Metal, Air",G4802010,G48004619,Texas,"CBSA Houston-The Woodlands-Sugar Land, TX",USA_TX_Houston.Dw.Hooks.722429_2018.epw,Houston_Bush_Intercontinental,"TX, Harris County","TX, 04619",5.475614084988004,0.00448820826638361,0.0,0.0,674.1291246437709,0.552564856265386,28.112876778517734,0.02304334162173585,327.6267977277662,0.26854655551456247,2027.0986366760008,1.6615562595704925,0.0,0.0,0.0,0.0,161.00002293532685,0.13196723191420234,0.0,0.0,565.6181595817874,0.4636214422801536,90.0062183189757,0.07377558878604565,0.0,0.0,0.0,0.0,34.09116833774923,0.027943580604712484,0.0,0.0,0.0,0.0,0.0,0.0,0.0,0.0,1535.4255526638258,1.258545534970349,1190.3595007251695,0.9757045087911225,0.0,0.0,0.0,0.0,0.0,0.0,0.0,0.0,-0.0,-0.0,10.951228169976009,0.00897641653276722,0.0,0.0,400.3161620826525,0.3281280017070922,0.0,0.0,0.0,0.0,327.20706327478507,0.26820251088097136,0.0,0.0,0.0,0.0,0.0,0.0,0.0,0.0,0.0,0.0,0.0,0.0,3610.5777074284147,2.9594899241216512,0.0,0.0,0.0,0.0,0.0,0.0,2441.123575823952,2.0009209637901244,0.0,0.0,0.0,0.0,0.0,0.0,0.0,0.0,7377.418126001016,6.047064037705751,0.0,0.0,6051.701283252366,4.960410887911776,0.0,0.0,0.0,0.0,0.0,0.0,13429.119409253382,11.007474925617526,0,122,14.073529411764707,14.305084745762711,15.284313725490197,3.023932251031026,2.1527855142132224,2.4925395025183157,0.4219227269857036,0.3114079064494643,0.24438503130497444,13.363636363636363,11.454545454545455,7.379711289506239,6.004514900759791,6327.0,8.416659318819855,20.0,338.55,610.0,1220.0,1220.0,682.0,1649.44,1734.16,412.36,98.97,123
149,G4802010,G48004618,2A,Hot-Humid,ERCOT,True,242.13101272727272,1220.0,"CBSA Houston-The Woodlands-Sugar Land, TX",True,Hour4,2,None,Standard Efficiency,West South Central,West South Central,South,"Electric, 100% Usage","Standard, 100% Usage",Yes,"Gas, 100% Usage",70F,No,0F,None,Not Applicable,None,"290 Rated kWh, 100% Usage",20 ft^2,Fiberglass,None,2 ft,None,Vented Attic,None,None,None,None,None,Single-Family Detached,Single-Family Detached,Single-Family Detached,1000-1499,0-1499,Vented Crawlspace,1 Car,2,2,"Brick, Medium/Dark",Wood Frame,"Wood Frame, Brick, Medium/Dark",No,Natural Gas,75F,No,0F,None,No Exterior Use,"Uninsulated, TrunkBranch, Copper",100% Usage,"Room AC, EER 10.7",Room AC,No,None,No,"Fuel Boiler, 80% AFUE",Non-Ducted Heating,Natural Gas Fuel Boiler,None,None,None,No,None,None,None,None,20 ACH50,R-13,Uninsulated,Uninsulated,"Unfinished, Uninsulated",None,"Wood Stud, Uninsulated","Summer = 0.7, Winter = 0.85",100% Incandescent,100% Usage,100% Usage,CR09,None,None,"EF 12, National Average",None,None,None,None,None,None,None,None,"Year-Round, 3 days/wk",Left/Right at 15ft,5,East,None,100%,113%,None,None,No,Hour17,67,"EF 17.6, 100% Usage",Composition Shingles,Stochastic,None,None,TX,1.0,Medium,Occupied,1950s,1940-59,Natural Gas Standard,Natural Gas,Yes,Houston Dw Hooks,30.06,-95.55,F30 B30 L30 R30,"Single, Clear, Metal",G4802010,G48004618,Texas,"CBSA Houston-The Woodlands-Sugar Land, TX",USA_TX_Houston.Dw.Hooks.722429_2018.epw,Houston_Bush_Intercontinental,"TX, Harris County","TX, 04618",5.475614084988004,0.00448820826638361,108.84306731243962,0.08921562894462264,1712.7822464217775,1.403919874116211,71.42731930998204,0.058546983040968885,132.85010627999867,0.10889352973770383,11696.69918618182,9.587458349329362,138.20121751138103,0.11327968648473855,0.0,0.0,161.00002293532685,0.13196723191420234,0.0,0.0,0.0,0.0,0.0,0.0,320.0227478728965,0.26231372776466927,100.00001424554377,0.08196722479142932,38.37236945160613,0.0314527618455788,0.0,0.0,0.0,0.0,0.0,0.0,0.0,0.0,1535.4255526636755,1.258545534970226,3387.3467532239024,2.7765137321507396,0.0,0.0,0.0,0.0,0.0,0.0,0.8654333163734818,0.0007093715707979359,-0.0,-0.0,10.951228169976009,0.00897641653276722,0.0,0.0,434.34303585965785,0.35601888185217856,0.0,0.0,0.0,0.0,0.0,0.0,0.0,0.0,0.0,0.0,0.0,0.0,1387.5387762275207,1.1373268657602629,0.0,0.0,0.0,0.0,9951.989636805945,8.157368554758971,0.0,0.0,0.0,0.0,0.0,0.0,6137.669748564111,5.030876843085337,0.0,0.0,0.0,0.0,0.0,0.0,0.0,0.0,19854.60591484175,16.274267143312912,0.0,0.0,17477.19816159758,14.325572263604572,0.0,0.0,0.0,0.0,0.0,0.0,37331.80407643933,30.599839406917482,0,148,14.715686274509803,15.711864406779661,14.715686274509803,7.157618015676581,4.477612731252032,5.609164459501664,1.1996598644607148,0.5220366830712126,0.5080011645765573,15.272727272727273,15.272727272727273,12.91615802888645,9.193520047578701,5437.0,13.93896555244994,20.0,0.0,754.0,1220.0,1508.0,843.0,1841.44,2136.16,316.36,494.83,149
183,G4802010,G48004631,2A,Hot-Humid,ERCOT,True,242.13101272727272,885.0,"CBSA Houston-The Woodlands-Sugar Land, TX",True,Hour1,3,None,None,West South Central,West South Central,South,"Electric, 120% Usage","EnergyStar, 120% Usage",Yes,"Electric, 120% Usage",75F,No,0F,None,Not Applicable,None,None,20 ft^2,Fiberglass,"20% Leakage, R-4",2 ft,None,Vented Attic,None,None,None,None,None,Single-Family Detached,Single-Family Detached,Single-Family Detached,750-999,0-1499,Slab,None,1,1,"Brick, Medium/Dark",Wood Frame,"Wood Frame, Brick, Medium/Dark",No,Electricity,76F,No,0F,None,No Exterior Use,"Uninsulated, TrunkBranch, Copper",200% Usage,Heat Pump,Heat Pump,Yes,None,No,"ASHP, SEER 13, 7.7 HSPF",Ducted Heat Pump,Electricity ASHP,None,None,None,No,None,None,None,None,25 ACH50,R-19,None,None,"Unfinished, Uninsulated",Uninsulated,"Wood Stud, R-11","Summer = 0.7, Winter = 0.85",100% CFL,100% Usage,100% Usage,CR09,None,None,None,None,None,None,None,None,None,None,None,"Year-Round, 3 days/wk",Left/Right at 15ft,1,West,None,200%,113%,None,None,No,Hour16,67,"EF 15.9, 100% Usage",Composition Shingles,Stochastic,None,None,TX,1.0,High,Occupied,1990s,1980-99,Electric Standard,Electricity,Yes,Houston Dw Hooks,30.06,-95.55,F15 B15 L15 R15,"Double, Clear, Non-metal, Air",G4802010,G48004631,Texas,"CBSA Houston-The Woodlands-Sugar Land, TX",USA_TX_Houston.Dw.Hooks.722429_2018.epw,Houston_Bush_Intercontinental,"TX, Harris County","TX, 04631",10.951228169976009,0.012374269118616959,0.0,0.0,507.19380788707116,0.5731003478949956,22.498881059180896,0.02542246447365073,321.7594711665842,0.3635700239170443,3405.0678569681377,3.8475343016589125,0.0,0.0,0.0,0.0,36.06250513729735,0.04074859337547723,0.0,0.0,870.801726258201,0.9839567528341254,189.0438786510514,0.21360890243056654,0.0,0.0,0.0,0.0,1375.3650158315925,1.554084763651517,10.559003968092027,0.011931077930047487,0.0,0.0,0.0,0.0,0.0,0.0,399.1922112457017,0.4510646454753691,3863.2244905765506,4.365225413080848,0.0,0.0,0.0,0.0,0.0,0.0,0.0,0.0,-0.0,-0.0,10.951228169976009,0.012374269118616959,0.0,0.0,480.37939449919753,0.542801575705308,0.0,0.0,2214.4278273017003,2.5021783359341248,0.0,0.0,0.0,0.0,0.0,0.0,0.0,0.0,0.0,0.0,0.0,0.0,0.0,0.0,0.0,0.0,0.0,0.0,0.0,0.0,0.0,0.0,0.0,0.0,0.0,0.0,0.0,0.0,0.0,0.0,0.0,0.0,13717.4785268892,15.499975736597966,0.0,0.0,0.0,0.0,0.0,0.0,0.0,0.0,0.0,0.0,13717.4785268892,15.499975736597966,0,182,12.941176470588236,10.423728813559322,12.705882352941176,4.020936913129847,3.6876554744736407,3.8893855479873456,0.8251450586177935,0.8949243407115898,0.5339569137358874,12.909090909090908,9.636363636363637,18.193811588204827,7.201158834594046,6773.0,22.75445080893447,20.0,283.2,885.0,885.0,885.0,989.46,993.38,1116.29,0.0,149.01,183
405,G4802010,G48004628,2A,Hot-Humid,ERCOT,True,242.13101272727272,617.0,"CBSA Houston-The Woodlands-Sugar Land, TX",True,Hour6,2,None,Standard Efficiency,West South Central,West South Central,South,None,None,None,"Electric, 120% Usage",75F,No,0F,None,Double-Loaded Interior,None,"290 Rated kWh, 120% Usage",20 ft^2,Fiberglass,"30% Leakage, R-8",2 ft,None,None,Middle,None,Bottom,12,None,10 to 19 Unit,"Multifamily with 5+ units, 1-3 stories",Multi-Family with 5+ Units,500-749,0-1499,Slab,None,2,2,"Brick, Medium/Dark",Wood Frame,"Wood Frame, Brick, Medium/Dark",No,Electricity,75F,No,0F,None,No Exterior Use,"Uninsulated, HomeRun, PEX",200% Usage,Heat Pump,Heat Pump,Yes,None,No,"ASHP, SEER 10, 6.2 HSPF",Ducted Heat Pump,Electricity ASHP,None,None,None,No,None,None,None,None,40 ACH50,None,None,None,"Finished, R-30","2ft R10 Perimeter, Vertical","Wood Stud, R-19","Summer = 0.7, Winter = 0.85",100% Incandescent,100% Usage,100% Usage,CR09,None,None,None,None,None,None,None,None,None,None,None,"Year-Round, 3 days/wk",27,1,North,None,200%,104%,None,None,None,Hour15,67,"EF 15.9, 100% Usage","Asphalt Shingles, Medium",Stochastic,None,None,TX,1.0,High,Occupied,2000s,2000-09,Electric Premium,Electricity,Yes,Houston Dw Hooks,30.06,-95.55,F30 B30 L30 R30,"Single, Clear, Metal",G4802010,G48004628,Texas,"CBSA Houston-The Woodlands-Sugar Land, TX",USA_TX_Houston.Dw.Hooks.722429_2018.epw,Houston_Bush_Intercontinental,"TX, Harris County","TX, 04628",5.475614084988004,0.008874577123157219,108.84308707434931,0.17640694825664394,0.0,0.0,0.0,0.0,340.4965868933655,0.5518583255970267,1739.2034300581272,2.8188062075496387,56.665268743144324,0.09183998175550133,0.0,0.0,130.85001864028703,0.2120745845061378,0.0,0.0,320.52219282607217,0.5194849154393391,34.59583687945727,0.0560710484269972,0.0,0.0,0.0,0.0,348.4776729914914,0.5647936353184625,1.8548532885737148,0.0030062452002815473,0.0,0.0,0.0,0.0,0.0,0.0,1017.8229764205342,1.6496320525454364,2691.085352865014,4.361564591353345,0.0,0.0,0.0,0.0,0.0,0.0,0.0,0.0,-0.0,-0.0,10.951228169976009,0.017749154246314437,0.0,0.0,480.37939449919753,0.7785727625594774,0.0,0.0,2093.7822675143893,3.393488277981182,0.0,0.0,0.0,0.0,0.0,0.0,0.0,0.0,0.0,0.0,0.0,0.0,0.0,0.0,0.0,0.0,0.0,0.0,0.0,0.0,0.0,0.0,0.0,0.0,0.0,0.0,0.0,0.0,0.0,0.0,0.0,0.0,9381.00578094949,15.20422330785979,0.0,0.0,0.0,0.0,0.0,0.0,0.0,0.0,0.0,0.0,9381.00578094949,15.20422330785979,0,404,12.931372549019608,13.135593220338983,13.176470588235293,2.8084458676921917,3.4030298266588863,2.945501629877987,0.601251832052894,0.5206975370535875,0.4333897542396507,11.727272727272727,15.545454545454545,6.628424074964553,6.09263309049367,8071.0,9.453859982864438,0.0,0.0,0.0,617.0,617.0,0.0,148.11,148.11,0.0,44.43,405
411,G4802010,G48004617,2A,Hot-Humid,ERCOT,True,242.13101272727272,8194.0,"CBSA Houston-The Woodlands-Sugar Land, TX",True,Hour0,3,None,"Standard Efficiency, No usage",West South Central,West South Central,South,"Electric, 80% Usage","EnergyStar, 80% Usage",Yes,"Electric, 80% Usage",72F,Yes,2F,Day Setup and Night Setback +5h,Not Applicable,None,"318 Rated kWh, 80% Usage",20 ft^2,Fiberglass,"30% Leakage, R-8",2 ft,None,Vented Attic,None,None,None,None,None,Single-Family Detached,Single-Family Detached,Single-Family Detached,4000+,4000+,Slab,2 Car,1,1,"Brick, Medium/Dark",Wood Frame,"Wood Frame, Brick, Medium/Dark",No,Electricity,55F,No,0F,None,No Exterior Use,"Uninsulated, HomeRun, PEX",50% Usage,Heat Pump,Heat Pump,Yes,None,No,"ASHP, SEER 13, 7.7 HSPF",Ducted Heat Pump,Electricity ASHP,None,None,None,No,None,None,None,None,2 ACH50,R-30,None,None,"Unfinished, Uninsulated",Uninsulated,"Wood Stud, R-11","Summer = 0.7, Winter = 0.85",100% Incandescent,100% Usage,100% Usage,CR09,None,None,"EF 12, National Average",None,None,None,None,None,None,None,Typical Efficiency,"Year-Round, 3 days/wk",Left/Right at 15ft,1,East,None,50%,113%,None,None,No,Hour13,67,"EF 17.6, 100% Usage",Composition Shingles,Stochastic,None,None,TX,1.0,Low,Vacant,2010s,2010s,Electric Standard,Electricity,Yes,Houston Dw Hooks,30.06,-95.55,F12 B12 L12 R12,"Single, Clear, Metal",G4802010,G48004617,Texas,"CBSA Houston-The Woodlands-Sugar Land, TX",USA_TX_Houston.Dw.Hooks.722429_2018.epw,Houston_Bush_Intercontinental,"TX, Harris County","TX, 04617",10.951228169976009,0.0013364935525965352,0.0,0.0,0.0,0.0,0.0,0.0,0.0,0.0,7804.617684303832,0.9524795807058618,0.0,0.0,0.0,0.0,0.0,0.0,0.0,0.0,2653.04623223715,0.3237791350057542,2.9162843564606407,0.00035590485189902863,320.0227478728965,0.039055741746753296,0.0,0.0,49.092640867663654,0.005991291294564762,0.0,0.0,0.0,0.0,0.0,0.0,0.0,0.0,0.0,0.0,0.0,0.0,0.0,0.0,0.0,0.0,0.0,0.0,0.0,0.0,-0.0,-0.0,10.951228169976009,0.0013364935525965352,0.0,0.0,434.34303585965785,0.05300744884789576,0.0,0.0,345.3802084827826,0.042150379360847284,0.0,0.0,0.0,0.0,0.0,0.0,0.0,0.0,0.0,0.0,0.0,0.0,0.0,0.0,0.0,0.0,0.0,0.0,0.0,0.0,0.0,0.0,0.0,0.0,0.0,0.0,0.0,0.0,0.0,0.0,0.0,0.0,11631.32129032041,1.419492468918771,0.0,0.0,0.0,0.0,0.0,0.0,0.0,0.0,0.0,0.0,11631.32129032041,1.419492468918771,0,410,11.215686274509803,13.389830508474576,12.245098039215685,4.149410976920558,0.6158689564401596,0.8497124278155433,0.6682699464601524,0.07826758013372162,0.07680081509307221,16.636363636363637,14.454545454545455,7.664514372389857,1.0443336948347477,5512.0,8.69545542810456,20.0,2622.08,8194.0,8194.0,8770.0,9805.16,3075.32,4517.38,0.0,334.48,411
480,G4802010,G48004619,2A,Hot-Humid,ERCOT,True,242.13101272727272,885.0,"CBSA Houston-The Woodlands-Sugar Land, TX",True,Hour2,2,None,"Standard Efficiency, No usage",West South Central,West South Central,South,"Electric, 80% Usage","Standard, 80% Usage",Yes,"Electric, 80% Usage",76F,No,0F,None,Not Applicable,None,"318 Rated kWh, 80% Usage",20 ft^2,Fiberglass,"20% Leakage, Uninsulated",2 ft,None,Vented Attic,None,None,None,None,None,Single-Family Detached,Single-Family Detached,Single-Family Detached,750-999,0-1499,Vented Crawlspace,1 Car,1,1,"Brick, Medium/Dark",Wood Frame,"Wood Frame, Brick, Medium/Dark",No,Natural Gas,55F,Yes,6F,Night -5h,No Exterior Use,"Uninsulated, TrunkBranch, Copper",50% Usage,"AC, SEER 15",Central AC,Yes,None,No,"Fuel Furnace, 80% AFUE",Ducted Heating,Natural Gas Fuel Furnace,None,None,None,No,None,None,None,None,30 ACH50,R-19,Uninsulated,Uninsulated,"Unfinished, Uninsulated",None,"Wood Stud, Uninsulated","Summer = 0.7, Winter = 0.85",100% CFL,100% Usage,100% Usage,CR09,None,None,"EF 12, National Average",None,None,None,Electric,None,None,None,None,"Year-Round, 3 days/wk",Left/Right at 15ft,5,Northwest,None,50%,113%,None,None,No,Hour8,67,"EF 17.6, 100% Usage",Composition Shingles,Stochastic,None,None,TX,1.0,Low,Vacant,1970s,1960-79,Electric Standard,Electricity,Yes,Houston Dw Hooks,30.06,-95.55,F15 B15 L15 R15,"Double, Clear, Metal, Air",G4802010,G48004619,Texas,"CBSA Houston-The Woodlands-Sugar Land, TX",USA_TX_Houston.Dw.Hooks.722429_2018.epw,Houston_Bush_Intercontinental,"TX, Harris County","TX, 04619",5.475614084988004,0.006187134559308479,0.0,0.0,0.0,0.0,0.0,0.0,0.0,0.0,2410.2688313211625,2.723467606012613,0.0,0.0,0.0,0.0,0.0,0.0,0.0,0.0,836.1039152061358,0.9447501866735997,30.219565639972025,0.034146401853075735,320.0227478728965,0.3616076247151373,0.0,0.0,7.478667914424863,0.008450472219689111,0.0,0.0,1222.2554962631832,1.3810796567945574,1206.6929874958155,1.3634949011252153,0.0,0.0,0.0,0.0,0.0,0.0,0.0,0.0,0.0,0.0,0.0,0.0,0.0,0.0,-0.0,-0.0,10.951228169976009,0.012374269118616959,0.0,0.0,434.34303585965785,0.490783091366845,0.0,0.0,995.5252420514469,1.1248872791541773,0.0,0.0,0.0,0.0,0.0,0.0,0.0,0.0,0.0,0.0,0.0,0.0,0.0,0.0,1212.2505763010163,1.369774662487024,0.0,0.0,0.0,0.0,0.0,0.0,0.0,0.0,0.0,0.0,0.0,0.0,0.0,0.0,0.0,0.0,7479.337331879676,8.451228623592854,0.0,0.0,1212.2505763010163,1.369774662487024,0.0,0.0,0.0,0.0,0.0,0.0,8691.587908180692,9.821003286079879,0,479,15.642156862745098,15.847457627118644,15.794117647058824,2.5462849692836884,1.184107660973333,1.265804194420898,0.4166059689799653,0.17846772321707036,0.1728773622764225,15.454545454545455,16.09090909090909,3.8191108518708274,1.639369107616595,5631.0,4.213229994132994,20.0,283.2,885.0,885.0,1173.0,1311.45,1071.15,1424.06,439.57,131.87,480
519,G4802010,G48004620,2A,Hot-Humid,ERCOT,True,242.13101272727272,2176.0,"CBSA Houston-The Woodlands-Sugar Land, TX",True,Hour20,3,None,Standard Efficiency,West South Central,West South Central,South,"Electric, 100% Usage","EnergyStar, 100% Usage",Yes,"Electric, 100% Usage",80F,No,0F,None,Not Applicable,None,"290 Rated kWh, 100% Usage",20 ft^2,Fiberglass,"20% Leakage, R-8",2 ft,None,Vented Attic,None,None,None,None,None,Single-Family Detached,Single-Family Detached,Single-Family Detached,2000-2499,1500-2499,Slab,2 Car,2,2,"Brick, Medium/Dark",Wood Frame,"Wood Frame, Brick, Medium/Dark",No,Natural Gas,68F,Yes,3F,Night -4h,No Exterior Use,"Uninsulated, HomeRun, PEX",100% Usage,"AC, SEER 15",Central AC,Yes,None,No,"Fuel Furnace, 92.5% AFUE",Ducted Heating,Natural Gas Fuel Furnace,None,None,None,No,None,None,None,None,20 ACH50,R-30,None,None,"Unfinished, Uninsulated","2ft R10 Perimeter, Vertical","Wood Stud, R-19","Summer = 0.7, Winter = 0.85",100% CFL,100% Usage,100% Usage,CR09,None,None,"EF 12, National Average",None,None,None,None,None,None,None,Typical Efficiency,"Year-Round, 3 days/wk",Left/Right at 15ft,4,South,None,100%,113%,None,None,No,Hour14,67,"EF 17.6, 100% Usage",Composition Shingles,Stochastic,None,None,TX,1.0,Medium,Occupied,2010s,2010s,Natural Gas Premium,Natural Gas,Yes,Houston Dw Hooks,30.06,-95.55,F15 B15 L15 R15,"Single, Clear, Non-metal, Exterior Clear Storm",G4802010,G48004620,Texas,"CBSA Houston-The Woodlands-Sugar Land, TX",USA_TX_Houston.Dw.Hooks.722429_2018.epw,Houston_Bush_Intercontinental,"TX, Harris County","TX, 04620",10.951228169976009,0.005032733533996327,108.84637458653933,0.050021311850431675,1088.1564874181618,0.5000719151737876,48.270114901814274,0.022182957215907295,692.3347062014417,0.31816852307051546,2919.1901950473025,1.3415396116945324,114.79840612919625,0.05275662046378504,0.0,0.0,52.20000743617732,0.023988974005596197,0.0,0.0,844.5875239764855,0.3881376488862525,97.92946540314968,0.045004349909535696,320.0227478728965,0.1470692775151179,25.00000356138587,0.011488972224901596,18.628888303553673,0.008561069992441946,0.0,0.0,0.0,0.0,0.0,0.0,0.0,0.0,753.7098710519814,0.3463740216231532,3375.908060920107,1.551428336819902,0.0,0.0,0.0,0.0,0.0,0.0,0.0,0.0,-0.0,-0.0,10.951228169976009,0.005032733533996327,0.0,0.0,434.34303585965785,0.19960617456785745,0.0,0.0,60.6354946390996,0.027865576580468565,489.6647660265049,0.22502976379894526,0.0,0.0,0.0,0.0,0.0,0.0,0.0,0.0,0.0,0.0,0.0,0.0,3397.549708453565,1.5613739468996162,0.0,0.0,0.0,0.0,0.0,0.0,3995.0821673025316,1.835975260708884,0.0,0.0,0.0,0.0,0.0,0.0,0.0,0.0,11466.128605675278,5.269360572461065,0.0,0.0,7392.6318757560975,3.397349207608501,0.0,0.0,0.0,0.0,0.0,0.0,18858.760481431375,8.666709780069565,0,518,14.063725490196079,14.203389830508474,14.019607843137255,4.126859824394271,3.4891391031621914,3.3823851649419048,0.7431936168560218,0.5296877210065952,0.47390838890822096,13.181818181818182,16.09090909090909,7.885638631866067,6.519275387185002,5151.0,8.481009459842083,20.0,603.84,1376.0,2176.0,2752.0,1538.41,2394.86,2809.97,0.0,316.03,519
582,G4802010,G48004618,2A,Hot-Humid,ERCOT,True,242.13101272727272,885.0,"CBSA Houston-The Woodlands-Sugar Land, TX",True,Hour21,2,None,Standard Efficiency,West South Central,West South Central,South,"Electric, 100% Usage","EnergyStar, 100% Usage",Yes,"Electric, 100% Usage",80F,Yes,2F,Night Setback +2h,Not Applicable,None,None,20 ft^2,Fiberglass,"20% Leakage, R-4",2 ft,None,Vented Attic,None,None,None,None,None,Single-Family Detached,Single-Family Detached,Single-Family Detached,750-999,0-1499,Slab,None,1,1,"Brick, Medium/Dark",Wood Frame,"Wood Frame, Brick, Medium/Dark",No,Natural Gas,70F,No,0F,None,No Exterior Use,"Uninsulated, TrunkBranch, Copper",100% Usage,"Room AC, EER 9.8",Room AC,Yes,None,No,"Fuel Furnace, 92.5% AFUE",Ducted Heating,Natural Gas Fuel Furnace,None,None,None,No,None,None,None,None,30 ACH50,R-19,None,None,"Unfinished, Uninsulated",Uninsulated,"Wood Stud, Uninsulated","Summer = 0.7, Winter = 0.85",100% Incandescent,100% Usage,100% Usage,CR09,None,EF 15.9,"EF 12, National Average",None,None,None,None,None,None,None,None,"Year-Round, 3 days/wk",Left/Right at 15ft,1,Northwest,None,100%,113%,None,None,No,Hour18,67,"EF 15.9, 100% Usage",Composition Shingles,Stochastic,None,None,TX,1.0,Medium,Occupied,1950s,1940-59,Natural Gas Standard,Natural Gas,Yes,Houston Dw Hooks,30.06,-95.55,F15 B15 L15 R15,"Double, Clear, Non-metal, Air",G4802010,G48004618,Texas,"CBSA Houston-The Woodlands-Sugar Land, TX",USA_TX_Houston.Dw.Hooks.722429_2018.epw,Houston_Bush_Intercontinental,"TX, Harris County","TX, 04618",5.475614084988004,0.006187134559308479,108.84308707442882,0.12298653906715121,422.66150657256196,0.4775836232458327,18.749067549317374,0.021185387061375564,268.13289263882416,0.3029750199308748,3478.908231429244,3.9309697530273944,0.0,0.0,0.0,0.0,144.25002054918932,0.16299437350190882,480.3823686743764,0.5428049363552275,0.0,0.0,89.33625081312293,0.10094491617302026,320.0227478728965,0.3616076247151373,0.0,0.0,22.72461563049667,0.025677531785871944,0.0,0.0,0.0,0.0,0.0,0.0,0.0,0.0,1247.868565861006,1.4100209783740179,1931.612245288666,2.1826127065408656,0.0,0.0,0.0,0.0,0.0,0.0,0.0,0.0,-0.0,-0.0,10.951228169976009,0.012374269118616959,0.0,0.0,480.37939449919753,0.542801575705308,0.0,0.0,0.0,0.0,0.0,0.0,0.0,0.0,0.0,0.0,0.0,0.0,0.0,0.0,0.0,0.0,0.0,0.0,3099.418052114684,3.5021672905250667,0.0,0.0,0.0,0.0,0.0,0.0,2562.835286595135,2.895859080898458,0.0,0.0,0.0,0.0,0.0,0.0,0.0,0.0,9030.297836707157,10.20372636916063,0.0,0.0,5662.25333870982,6.3980263714235255,0.0,0.0,0.0,0.0,0.0,0.0,14692.551175416978,16.601752740584157,0,581,16.274509803921568,16.8135593220339,16.58823529411765,2.948224615156562,1.8665469081970705,2.2699702345194233,0.6626074785353369,0.4050834202526206,0.3723081885400626,17.454545454545453,12.181818181818182,7.056877067793116,4.0775460787556295,4414.0,8.074439705798637,20.0,283.2,885.0,885.0,885.0,989.46,993.38,1116.29,0.0,149.01,582
729,G4802010,G48004634,2A,Hot-Humid,ERCOT,True,242.13101272727272,617.0,"CBSA Houston-The Woodlands-Sugar Land, TX",True,Hour6,1,None,None,West South Central,West South Central,South,"Electric, 80% Usage","EnergyStar, 80% Usage",Yes,"Electric, 80% Usage",75F,Yes,2F,Night Setback +5h,Double-Loaded Interior,None,"318 Rated kWh, 80% Usage",20 ft^2,Fiberglass,"30% Leakage, R-8",2 ft,None,None,Right,None,Top,67,None,50 or more Unit,"Multifamily with 5+ units, 1-3 stories",Multi-Family with 5+ Units,500-749,0-1499,Slab,None,3,3,"Brick, Medium/Dark",Wood Frame,"Wood Frame, Brick, Medium/Dark",No,Electricity,70F,No,0F,None,No Exterior Use,"Uninsulated, HomeRun, PEX",50% Usage,"AC, SEER 15",Central AC,Yes,None,No,"Electric Furnace, 100% AFUE",Ducted Heating,Electricity Electric Furnace,None,None,None,No,None,None,None,None,30 ACH50,None,None,None,"Finished, R-30",Uninsulated,"Wood Stud, R-19","Summer = 0.7, Winter = 0.85",100% Incandescent,100% Usage,100% Usage,CR09,None,None,None,None,None,None,None,None,None,None,None,"Year-Round, 3 days/wk",27,1,South,None,50%,104%,None,None,None,Hour5,67,"EF 17.6, 100% Usage","Asphalt Shingles, Medium",Stochastic,None,None,TX,1.0,Low,Occupied,2010s,2010s,Electric Premium,Electricity,Yes,Houston Dw Hooks,30.06,-95.55,F18 B18 L18 R18,"Single, Clear, Metal",G4802010,G48004634,Texas,"CBSA Houston-The Woodlands-Sugar Land, TX",USA_TX_Houston.Dw.Hooks.722429_2018.epw,Houston_Bush_Intercontinental,"TX, Harris County","TX, 04634",5.475614084988004,0.008874577123157219,0.0,0.0,358.08092854967475,0.5803580689621957,15.884303190850316,0.02574441359943325,226.99772459557852,0.3679055503980203,1853.8687437495166,3.004649503645894,50.49639542511153,0.081841807820278,0.0,0.0,130.85001864028703,0.2120745845061378,0.0,0.0,515.808002074117,0.8359935203794441,63.91471074727945,0.1035894825725761,0.0,0.0,0.0,0.0,2051.1418914258247,3.3243790784859395,0.0,0.0,0.0,0.0,0.0,0.0,0.0,0.0,1017.8229764193386,1.6496320525434987,672.7713382163611,1.0903911478385107,0.0,0.0,0.0,0.0,0.0,0.0,0.0,0.0,-0.0,-0.0,10.951228169976009,0.017749154246314437,0.0,0.0,434.34303585965785,0.7039595394808069,0.0,0.0,730.8905905388083,1.1845876669996893,0.0,0.0,0.0,0.0,0.0,0.0,0.0,0.0,0.0,0.0,0.0,0.0,0.0,0.0,0.0,0.0,0.0,0.0,0.0,0.0,0.0,0.0,0.0,0.0,0.0,0.0,0.0,0.0,0.0,0.0,0.0,0.0,8139.297501687514,13.19173014860213,0.0,0.0,0.0,0.0,0.0,0.0,0.0,0.0,0.0,0.0,8139.297501687514,13.19173014860213,0,728,13.544117647058824,9.576271186440678,13.294117647058824,2.1848083486462553,3.157932854696382,2.0226188125724054,0.31394881862895774,0.691104373235624,0.16155974539404358,12.818181818181818,8.545454545454545,4.601739644417304,5.237256946849371,372.0,8.284251531190568,0.0,0.0,0.0,617.0,617.0,709.57,414.72,454.72,0.0,74.65,729
753,G4802010,G48004632,2A,Hot-Humid,ERCOT,True,242.13101272727272,3301.0,"CBSA Houston-The Woodlands-Sugar Land, TX",True,Hour3,4,None,Standard Efficiency,West South Central,West South Central,South,"Electric, 100% Usage","EnergyStar, 100% Usage",Yes,"Electric, 100% Usage",78F,No,0F,None,Not Applicable,None,"290 Rated kWh, 100% Usage",20 ft^2,Fiberglass,"30% Leakage, R-4",2 ft,None,Vented Attic,None,None,None,None,None,Single-Family Detached,Single-Family Detached,Single-Family Detached,3000-3999,2500-3999,Slab,3 Car,1,1,"Brick, Medium/Dark",Wood Frame,"Wood Frame, Brick, Medium/Dark",No,Natural Gas,78F,Yes,3F,Night -5h,No Exterior Use,"Uninsulated, TrunkBranch, Copper",100% Usage,"AC, SEER 10",Central AC,Yes,None,No,"Fuel Furnace, 80% AFUE",Ducted Heating,Natural Gas Fuel Furnace,None,None,None,No,None,None,None,None,40 ACH50,R-19,None,None,"Unfinished, Uninsulated",Uninsulated,"Wood Stud, Uninsulated","Summer = 0.7, Winter = 0.85",100% Incandescent,100% Usage,100% Usage,CR09,None,None,"EF 12, National Average",None,None,None,None,None,None,None,None,"Year-Round, 3 days/wk",Left/Right at 15ft,5,West,None,100%,113%,None,None,No,Hour18,67,"EF 17.6, 100% Usage",Composition Shingles,Stochastic,None,None,TX,1.0,Medium,Occupied,1970s,1960-79,Natural Gas Standard,Natural Gas,Yes,Houston Dw Hooks,30.06,-95.55,F9 B9 L9 R9,"Single, Clear, Metal",G4802010,G48004632,Texas,"CBSA Houston-The Woodlands-Sugar Land, TX",USA_TX_Houston.Dw.Hooks.722429_2018.epw,Houston_Bush_Intercontinental,"TX, Harris County","TX, 04632",10.951228169976009,0.0033175486731220867,108.84182079324987,0.032972378307558274,1309.9881477000633,0.3968458490457629,58.11046401931295,0.01760389700675945,833.7353107223654,0.25257052733182833,11727.77017051886,3.5527931446588488,138.20121751138822,0.041866470012538085,0.0,0.0,265.0500377578108,0.08029386178667398,0.0,0.0,2188.8901633286555,0.6630991103691777,966.2213817169292,0.292705659411369,320.0227478728965,0.0969472123213864,100.00001424554377,0.03029385466390299,62.90659904460674,0.019056830973828157,0.0,0.0,0.0,0.0,0.0,0.0,0.0,0.0,3321.6885596369525,1.0062673612956536,4092.79725294534,1.2398658748698395,0.0,0.0,0.0,0.0,0.0,0.0,0.0,0.0,-0.0,-0.0,10.951228169976009,0.0033175486731220867,0.0,0.0,434.34303585965785,0.1315792292819321,0.0,0.0,0.0,0.0,0.0,0.0,0.0,0.0,0.0,0.0,0.0,0.0,0.0,0.0,0.0,0.0,0.0,0.0,38759.73734286259,11.741816826071672,0.0,0.0,0.0,0.0,0.0,0.0,5590.2992773832475,1.6935168971170091,0.0,0.0,0.0,0.0,0.0,0.0,0.0,0.0,25950.46938001419,7.8613963586834865,0.0,0.0,44350.03662024583,13.43533372318868,0.0,0.0,0.0,0.0,0.0,0.0,70300.50600026002,21.296730081872166,0,752,15.470588235294118,15.796610169491526,15.215686274509803,8.248160842332858,3.9020055040738058,3.715281922780749,1.3002692797466415,1.0200703417035624,0.7112851327138044,15.363636363636363,18.181818181818183,13.445675698102297,5.156406906798553,5582.0,14.964255613376396,20.0,1056.32,3301.0,3301.0,4165.0,4656.61,2040.19,2912.66,0.0,149.06,753
763,G4802010,G48004631,2A,Hot-Humid,ERCOT,True,242.13101272727272,1690.0,"CBSA Houston-The Woodlands-Sugar Land, TX",True,Hour2,3,None,Standard Efficiency,West South Central,West South Central,South,None,None,None,"Propane, 100% Usage",75F,Yes,5F,Night Setback +2h,Not Applicable,None,"318 Rated kWh, 100% Usage",20 ft^2,Fiberglass,"30% Leakage, R-4",2 ft,None,Vented Attic,None,None,None,None,None,Single-Family Detached,Single-Family Detached,Single-Family Detached,1500-1999,1500-2499,Slab,2 Car,1,1,"Brick, Medium/Dark",Wood Frame,"Wood Frame, Brick, Medium/Dark",No,Electricity,72F,No,0F,None,No Exterior Use,"Uninsulated, TrunkBranch, Copper",100% Usage,"AC, SEER 10",Central AC,Yes,None,No,"Electric Furnace, 100% AFUE",Ducted Heating,Electricity Electric Furnace,None,None,None,No,None,None,None,None,8 ACH50,R-30,None,None,"Unfinished, Uninsulated",Uninsulated,"Wood Stud, R-19","Summer = 0.7, Winter = 0.85",100% Incandescent,100% Usage,100% Usage,CR09,None,None,None,None,None,None,None,None,None,None,None,"Year-Round, 3 days/wk",Left/Right at 15ft,2,East,None,100%,113%,None,None,No,Hour19,67,"EF 17.6, 100% Usage",Composition Shingles,Stochastic,None,None,TX,1.0,Medium,Occupied,1990s,1980-99,Electric Standard,Electricity,Yes,Houston Dw Hooks,30.06,-95.55,F9 B9 L9 R9,"Double, Clear, Non-metal, Air",G4802010,G48004631,Texas,"CBSA Houston-The Woodlands-Sugar Land, TX",USA_TX_Houston.Dw.Hooks.722429_2018.epw,Houston_Bush_Intercontinental,"TX, Harris County","TX, 04631",10.951228169976009,0.006480016668624858,108.84613414146644,0.06440599653341209,0.0,0.0,0.0,0.0,65.41005232800134,0.03870417297514872,6187.351272882749,3.661154599338905,90.88610760164971,0.053778761894467286,0.0,0.0,184.50002628301263,0.10917161318521458,0.0,0.0,1556.8485616541034,0.9212121666592328,49.092037100158585,0.02904854266281573,0.0,0.0,100.00001424554377,0.059171606062451934,1575.4547373251157,0.9322217380621987,0.0,0.0,0.0,0.0,0.0,0.0,0.0,0.0,1938.8944278748725,1.1472748093934158,2540.063435113146,1.5029961154515659,0.0,0.0,0.0,0.0,0.0,0.0,0.0,0.0,-0.0,-0.0,10.951228169976009,0.006480016668624858,0.0,0.0,434.34303585965785,0.25700771352642476,0.0,0.0,1863.0174790684143,1.1023772065493576,0.0,0.0,0.0,0.0,0.0,0.0,0.0,0.0,0.0,0.0,0.0,0.0,0.0,0.0,0.0,0.0,0.0,0.0,0.0,0.0,0.0,0.0,0.0,0.0,0.0,0.0,681.0617960336012,0.40299514558201255,0.0,0.0,0.0,0.0,16716.609777818176,9.891485075632056,0.0,0.0,0.0,0.0,681.0617960336012,0.40299514558201255,0.0,0.0,0.0,0.0,17397.671573851778,10.29448022121407,0,762,16.137254901960784,11.169491525423728,15.058823529411764,3.8484286231625457,3.484207612345748,2.568327942209062,0.8515017413923741,0.859584420100914,0.47066999744682014,17.09090909090909,6.7272727272727275,5.676555789837428,6.157390798121943,393.0,8.887263620704895,20.0,540.8,1690.0,1690.0,2266.0,2533.47,1485.1,2023.82,0.0,107.74,763
845,G4802010,G48004618,2A,Hot-Humid,ERCOT,True,242.13101272727272,617.0,"CBSA Houston-The Woodlands-Sugar Land, TX",True,Hour4,1,None,Standard Efficiency,West South Central,West South Central,South,"Electric, 100% Usage","Standard, 100% Usage",Yes,"Electric, 100% Usage",68F,No,0F,None,Double-Loaded Interior,None,None,20 ft^2,Fiberglass,"20% Leakage, R-4",2 ft,None,None,Left,None,Middle,183,None,50 or more Unit,"Multifamily with 5+ units, 8+ stories",Multi-Family with 5+ Units,500-749,0-1499,Slab,None,15,4+,"Brick, Medium/Dark",Wood Frame,"Wood Frame, Brick, Medium/Dark",No,Electricity,70F,No,0F,None,No Exterior Use,"Uninsulated, TrunkBranch, Copper",100% Usage,Heat Pump,Heat Pump,Yes,None,No,"ASHP, SEER 13, 7.7 HSPF",Ducted Heat Pump,Electricity ASHP,None,None,None,No,None,None,None,None,40 ACH50,None,None,None,"Finished, R-19",Uninsulated,"Wood Stud, Uninsulated","Summer = 0.7, Winter = 0.85",100% LED,100% Usage,100% Usage,CR09,None,None,None,None,None,None,None,None,None,None,None,"Year-Round, 3 days/wk",7,2,North,None,100%,104%,None,None,None,Hour19,67,"EF 19.9, 100% Usage","Asphalt Shingles, Medium",Stochastic,None,None,TX,1.0,Medium,Occupied,1950s,1940-59,Electric Standard,Electricity,Yes,Houston Dw Hooks,30.06,-95.55,F30 B30 L30 R30,"Single, Clear, Non-metal",G4802010,G48004618,Texas,"CBSA Houston-The Woodlands-Sugar Land, TX",USA_TX_Houston.Dw.Hooks.722429_2018.epw,Houston_Bush_Intercontinental,"TX, Harris County","TX, 04618",5.475614084988004,0.008874577123157219,108.8430870744194,0.17640694825675754,772.2966040980085,1.2516962789270802,32.206707103699124,0.05219887699140863,374.4966140933609,0.6069637181415898,3086.446516743385,5.002344435564644,0.0,0.0,0.0,0.0,21.80833644004889,0.03534576408435801,0.0,0.0,735.2501555236742,1.1916534125181104,162.06259773754553,0.26266223296198626,0.0,0.0,0.0,0.0,1127.8115587458267,1.8278955571245166,13.652466924591705,0.02212717491830098,0.0,0.0,0.0,0.0,0.0,0.0,248.68722597649023,0.4030587130899355,1537.0172296129301,2.49111382433214,0.0,0.0,0.0,0.0,0.0,0.0,0.0,0.0,-0.0,-0.0,10.951228169976009,0.017749154246314437,0.0,0.0,400.3161620826525,0.6488106354662115,0.0,0.0,1960.430045139458,3.177358257924567,0.0,0.0,0.0,0.0,0.0,0.0,0.0,0.0,0.0,0.0,0.0,0.0,0.0,0.0,0.0,0.0,0.0,0.0,0.0,0.0,0.0,0.0,0.0,0.0,0.0,0.0,0.0,0.0,0.0,0.0,0.0,0.0,10597.752149550617,17.176259561670367,0.0,0.0,0.0,0.0,0.0,0.0,0.0,0.0,0.0,0.0,10597.752149550617,17.176259561670367,0,844,13.392156862745098,11.35593220338983,13.715686274509803,3.6195429535759427,3.927830891262151,3.442628474089554,0.522934945783635,0.6566942568222695,0.2770327746541521,12.181818181818182,13.636363636363637,7.789907679627905,7.406689630631049,3473.0,9.345577194899915,0.0,0.0,0.0,617.0,617.0,0.0,414.72,454.72,0.0,124.42,845
854,G4802010,G48004605,2A,Hot-Humid,ERCOT,True,242.13101272727272,885.0,"CBSA Houston-The Woodlands-Sugar Land, TX",True,Hour2,3,None,Standard Efficiency,West South Central,West South Central,South,"Electric, 80% Usage","Standard, 80% Usage",Yes,"Electric, 80% Usage",75F,Yes,5F,Day and Night Setup -4h,Not Applicable,None,None,20 ft^2,Fiberglass,"30% Leakage, R-4",2 ft,None,Vented Attic,None,None,None,None,None,Mobile Home,Mobile Home,Mobile Home,750-999,0-1499,Ambient,None,1,1,"Vinyl, Light",Steel Frame,"Steel Frame, Vinyl, Light",No,Electricity,68F,Yes,3F,Day +2h,No Exterior Use,"Uninsulated, TrunkBranch, Copper",50% Usage,"AC, SEER 15",Central AC,Yes,None,No,"Electric Furnace, 100% AFUE",Ducted Heating,Electricity Electric Furnace,None,None,None,No,None,None,None,None,30 ACH50,R-30,Ceiling R-19,Uninsulated,"Unfinished, Uninsulated",None,"Wood Stud, R-11","Summer = 0.7, Winter = 0.85",100% Incandescent,100% Usage,100% Usage,CR09,None,EF 15.9,None,None,None,None,None,None,None,None,None,"Year-Round, 3 days/wk",Left/Right at 15ft,2,South,None,50%,144%,None,None,No,Hour23,67,"EF 17.6, 100% Usage",Composition Shingles,Stochastic,None,None,TX,1.0,Low,Occupied,1990s,1980-99,Electric Premium,Electricity,Yes,Houston Dw Hooks,30.06,-95.55,F18 B18 L18 R18,"Single, Clear, Metal",G4802010,G48004605,Texas,"CBSA Houston-The Woodlands-Sugar Land, TX",USA_TX_Houston.Dw.Hooks.722429_2018.epw,Houston_Bush_Intercontinental,"TX, Harris County","TX, 04605",10.951228169976009,0.012374269118616959,108.84384937510752,0.12298740042385031,674.12912464377,0.7617278244562372,28.112876778518032,0.03176596246160229,327.626797727761,0.37019977144379773,3169.1982943224275,3.5810150218332515,0.0,0.0,0.0,0.0,144.25002054918932,0.16299437350190882,480.3823686743764,0.5428049363552275,935.0796160704174,1.0565871368027315,89.21087547839798,0.10080324912813331,0.0,0.0,0.0,0.0,2862.9428456312553,3.2349636673799496,0.0,0.0,0.0,0.0,0.0,0.0,0.0,0.0,1247.8740145307193,1.4100271350629596,1444.5606040512948,1.632271868984514,0.0,0.0,0.0,0.0,0.0,0.0,0.0,0.0,-0.0,-0.0,10.951228169976009,0.012374269118616959,0.0,0.0,434.34303585965785,0.490783091366845,0.0,0.0,1185.0835208918022,1.3390774247364996,0.0,0.0,0.0,0.0,0.0,0.0,0.0,0.0,0.0,0.0,0.0,0.0,0.0,0.0,0.0,0.0,0.0,0.0,0.0,0.0,0.0,0.0,0.0,0.0,0.0,0.0,0.0,0.0,0.0,0.0,0.0,0.0,13153.540300924706,14.86275740217481,0.0,0.0,0.0,0.0,0.0,0.0,0.0,0.0,0.0,0.0,13153.540300924706,14.86275740217481,0,853,13.950980392156863,9.64406779661017,12.77450980392157,4.050456857899233,4.9794858869420295,3.274984085577829,0.34584782441239964,0.7202233560688226,0.29843096494784105,14.818181818181818,10.818181818181818,8.016669797763388,8.120752919186971,385.0,10.099305237877521,20.0,283.2,885.0,885.0,885.0,989.46,993.38,1116.29,0.0,178.81,854
879,G4802010,G48004602,2A,Hot-Humid,ERCOT,True,242.13101272727272,1675.0,"CBSA Houston-The Woodlands-Sugar Land, TX",True,Hour0,3,None,None,West South Central,West South Central,South,"Electric, 80% Usage","EnergyStar, 80% Usage",Yes,"Electric, 80% Usage",72F,Yes,9F,Day Setup -5h,Not Applicable,None,None,20 ft^2,Fiberglass,"30% Leakage, R-4",2 ft,None,Vented Attic,None,Right,None,None,8,Single-Family Attached,Single-Family Attached,Single-Family Attached,1500-1999,1500-2499,Slab,None,1,1,"Brick, Medium/Dark",Wood Frame,"Wood Frame, Brick, Medium/Dark",No,Electricity,75F,Yes,6F,Night +4h,No Exterior Use,"Uninsulated, TrunkBranch, Copper",50% Usage,"AC, SEER 13",Central AC,Yes,None,No,"Electric Furnace, 100% AFUE",Ducted Heating,Electricity Electric Furnace,None,None,None,No,None,None,None,None,8 ACH50,R-19,None,None,"Unfinished, Uninsulated",Uninsulated,"Wood Stud, R-11","Summer = 0.7, Winter = 0.85",100% Incandescent,100% Usage,100% Usage,CR09,None,EF 15.9,None,None,None,None,None,None,None,None,None,"Year-Round, 3 days/wk",27,2,West,None,50%,100%,None,None,No,Hour18,67,"EF 17.6, 100% Usage",Composition Shingles,Stochastic,None,None,TX,1.0,Low,Occupied,1990s,1980-99,Electric Standard,Electricity,Yes,Houston Dw Hooks,30.06,-95.55,F12 B12 L12 R12,"Double, Clear, Metal, Air",G4802010,G48004602,Texas,"CBSA Houston-The Woodlands-Sugar Land, TX",USA_TX_Houston.Dw.Hooks.722429_2018.epw,Houston_Bush_Intercontinental,"TX, Harris County","TX, 04602",10.951228169976009,0.006538046668642394,0.0,0.0,472.5408148016208,0.2821139192845497,20.961690427808325,0.012514442046452731,299.59729127469063,0.17886405449235263,4543.250630554256,2.7123884361517945,0.0,0.0,0.0,0.0,183.75002617617812,0.10970150816488246,480.3823686743764,0.2867954439847023,1275.2351070330292,0.7613343922585248,79.81335277831445,0.04764976285272505,0.0,0.0,0.0,0.0,2561.3588712942283,1.5291694753995393,0.0,0.0,0.0,0.0,0.0,0.0,0.0,0.0,1925.9497456377835,1.1498207436643484,968.4449966846711,0.5781761174236842,0.0,0.0,0.0,0.0,0.0,0.0,0.0,0.0,-0.0,-0.0,10.951228169976009,0.006538046668642394,0.0,0.0,434.34303585965785,0.2593092751400942,0.0,0.0,1024.41214986343,0.6115893432020477,0.0,0.0,0.0,0.0,0.0,0.0,0.0,0.0,0.0,0.0,0.0,0.0,0.0,0.0,0.0,0.0,0.0,0.0,0.0,0.0,0.0,0.0,0.0,0.0,0.0,0.0,0.0,0.0,0.0,0.0,0.0,0.0,14291.942537399953,8.532503007402957,0.0,0.0,0.0,0.0,0.0,0.0,0.0,0.0,0.0,0.0,14291.942537399953,8.532503007402957,0,878,15.382352941176471,10.779661016949152,15.617647058823529,3.9868495717399837,5.583439419368673,3.2514611124764836,0.4319158358250342,0.552185028280323,0.26569307211635307,15.818181818181818,12.181818181818182,7.464810586830313,9.130403118790205,372.0,10.79919936590627,20.0,536.0,1675.0,1675.0,1675.0,1872.71,927.35,1304.23,0.0,111.28,879
919,G4802010,G48004627,2A,Hot-Humid,ERCOT,True,242.13101272727272,2663.0,"CBSA Houston-The Woodlands-Sugar Land, TX",True,Hour4,4,None,None,West South Central,West South Central,South,"Electric, 100% Usage","EnergyStar, 100% Usage",Yes,"Gas, 100% Usage",67F,No,0F,None,Not Applicable,None,None,20 ft^2,Fiberglass,"20% Leakage, R-8",2 ft,None,Vented Attic,None,None,None,None,None,Single-Family Detached,Single-Family Detached,Single-Family Detached,2500-2999,2500-3999,Slab,2 Car,2,2,"Brick, Medium/Dark",Wood Frame,"Wood Frame, Brick, Medium/Dark",No,Natural Gas,70F,No,0F,None,No Exterior Use,"Uninsulated, HomeRun, PEX",100% Usage,"Room AC, EER 12.0",Room AC,Yes,None,No,"Fuel Furnace, 92.5% AFUE",Ducted Heating,Natural Gas Fuel Furnace,None,None,None,No,None,None,None,None,10 ACH50,R-30,None,None,"Unfinished, Uninsulated",Uninsulated,"Wood Stud, R-11","Summer = 0.7, Winter = 0.85",100% Incandescent,100% Usage,100% Usage,CR09,None,EF 6.7,None,None,Gas Grill,None,None,None,None,None,None,"Year-Round, 3 days/wk",Left/Right at 15ft,4,East,None,100%,113%,None,None,No,Hour20,67,"EF 17.6, 100% Usage","Metal, Dark",Stochastic,None,None,TX,1.0,Medium,Occupied,2000s,2000-09,Natural Gas Standard,Natural Gas,Yes,Houston Dw Hooks,30.06,-95.55,F12 B12 L12 R12,"Double, Clear, Metal, Air",G4802010,G48004627,Texas,"CBSA Houston-The Woodlands-Sugar Land, TX",USA_TX_Houston.Dw.Hooks.722429_2018.epw,Houston_Bush_Intercontinental,"TX, Harris County","TX, 04627",10.951228169976009,0.00411236506570635,0.0,0.0,1088.156487418185,0.4086205360188453,48.27011490181403,0.018126216636054838,110.37008829599552,0.041445771046186825,9610.173168627474,3.6087770066194045,0.0,0.0,0.0,0.0,233.15003321348027,0.08755164596826145,1357.073890566743,0.5096034136563061,0.0,0.0,117.60443499678897,0.04416238640510288,0.0,0.0,100.00001424554377,0.03755163884549146,22.480643719059646,0.008441848936935654,0.0,0.0,0.0,0.0,0.0,0.0,0.0,0.0,2774.0665435755677,1.0417073013802358,3540.9818411806687,1.3296965231620985,0.0,0.0,0.0,0.0,0.0,0.0,0.0,0.0,-0.0,-0.0,10.951228169976009,0.00411236506570635,0.0,0.0,434.34303585965785,0.1631029049416665,0.0,0.0,0.0,0.0,0.0,0.0,0.0,0.0,0.0,0.0,0.0,0.0,1152.0462610560517,0.4326121896567975,0.0,0.0,1132.0559185187346,0.42510548949257776,4080.150056893269,1.5321629954537246,0.0,0.0,0.0,0.0,0.0,0.0,4279.313244153025,1.6069520255925742,0.0,0.0,0.0,0.0,0.0,0.0,0.0,0.0,19458.572752940854,7.307011923747973,0.0,0.0,10643.56548062108,3.9968327001956743,0.0,0.0,0.0,0.0,0.0,0.0,30102.138233561935,11.303844623943649,0,918,15.068627450980392,15.864406779661017,15.754901960784315,5.2878480479666745,3.6920858379979915,4.167533064075287,1.591541157978346,0.7245781195663034,0.7094518743605898,14.909090909090908,15.636363636363637,8.625293351475431,6.15453146965836,6280.0,9.045663230426822,20.0,738.98,1619.5,2663.0,3239.0,1810.66,2628.93,3077.86,0.0,280.91,919
